CredibleSet	LeadVariant	variant	position	ECCellTypesWithEPInteractions	TargetGene	MaxABC.Score.EC	MaxABC.Rank.ECOnly
CAD_Aragam2021-rs10131894	rs10131894	rs175040	75469555	endothelial_cell_of_umbilical_vein_VEGF_stim_4_hours-Zhang2013	EIF2B2	0.335712	1
CAD_Aragam2021-rs10131894	rs10131894	rs175040	75469555	endothelial_cell_of_umbilical_vein_VEGF_stim_4_hours-Zhang2013	PGF	0.102046	2
CAD_Aragam2021-rs10176176	rs10176176	rs1446668	85764960	Eahy926_TNF	MAT2A	0.392568	1
CAD_Aragam2021-rs10176176	rs10176176	rs1446668	85764960	Eahy926_TNF	PARTICL	0.392568	1
CAD_Aragam2021-rs10176176	rs10176176	rs1446668	85764960	Eahy926_TNF	SH2D6	0.169448	2
CAD_Aragam2021-rs10410487	rs10410487	rs10423961	17832302	Eahy926_IL1b	FCHO1	0.02885	2
CAD_Aragam2021-rs10410487	rs10410487	rs35976034	17832748	Eahy926_IL1b	FCHO1	0.02885	2
CAD_Aragam2021-rs10410487	rs10410487	rs10423961	17832302	TeloHAEC_VEGF	MAP1S	0.190252	1
CAD_Aragam2021-rs10410487	rs10410487	rs35976034	17832748	TeloHAEC_VEGF	MAP1S	0.190252	1
CAD_Aragam2021-rs1051338	rs1051338	rs1332327	91011681	TeloHAEC_VEGF	LIPA	0.144163	1
CAD_Aragam2021-rs10774625	rs10774625	rs653178	112007756	Eahy926_Ctrl	ACAD10	0.020171	2
CAD_Aragam2021-rs10774625	rs10774625	rs653178	112007756	Eahy926_Ctrl	ATXN2	0.031434	1
CAD_Aragam2021-rs10774625	rs10774625	rs653178	112007756	Eahy926_Ctrl	BRAP	0.020171	2
CAD_Aragam2021-rs10951983	rs10951983	rs3828944	6487156	Eahy926_IL1b	DAGLB	0.343172	1
CAD_Aragam2021-rs10951983	rs10951983	rs4724806	6487131	Eahy926_IL1b	DAGLB	0.343172	1
CAD_Aragam2021-rs10951983	rs10951983	rs33986000	6432750	TeloHAEC_TNF	RAC1	0.025262	2
CAD_Aragam2021-rs11079536	rs11079536	rs4968721	62409586	Eahy926_Ctrl	MILR1	0.073257	2
CAD_Aragam2021-rs11079536	rs11079536	rs9303469	62404441	TeloHAEC_Ctrl	PECAM1	0.37437	1
CAD_Aragam2021-rs11079536	rs11079536	rs9303470	62404452	TeloHAEC_Ctrl	PECAM1	0.37437	1
CAD_Aragam2021-rs11080107	rs11080107	rs13723	27941886	endothelial_cell_of_umbilical_vein_VEGF_stim_4_hours-Zhang2013	CORO6	0.423346	1
CAD_Aragam2021-rs11080107	rs11080107	rs13723	27941886	endothelial_cell_of_umbilical_vein_VEGF_stim_4_hours-Zhang2013	SSH2	0.104902	2
CAD_Aragam2021-rs11107903	rs11107903	rs12817989	95512389	Eahy926_VEGF	FGD6	0.038986	1
CAD_Aragam2021-rs11107903	rs11107903	rs12817989	95512389	Eahy926_TNF	NR2C1	0.03715	2
CAD_Aragam2021-rs11107903	rs11107903	rs12817989	95512389	Eahy926_VEGF	VEZT	0.038986	1
CAD_Aragam2021-rs11206803	rs11206803	rs11206803	56877509	TeloHAEC_VEGF	PLPP3	0.023358	1
CAD_Aragam2021-rs11206803	rs11206803	rs11206803	56877509	TeloHAEC_VEGF	PRKAA2	0.019665	2
CAD_Aragam2021-rs112949822	rs112949822	rs113728457	108084549	endothelial_cell_of_umbilical_vein_VEGF_stim_4_hours-Zhang2013	FER	0.60627	1
CAD_Aragam2021-rs1132274	rs1132274	rs4814630	17598240	endothelial_cell_of_umbilical_vein_VEGF_stim_12_hours-Zhang2013	BFSP1	0.030461	2
CAD_Aragam2021-rs1132274	rs1132274	rs4814630	17598240	endothelial_cell_of_umbilical_vein_VEGF_stim_12_hours-Zhang2013	DSTN	0.037916	1
CAD_Aragam2021-rs114192718	rs114192718	rs114192718	128785663	TeloHAEC_Ctrl	SAP130	0.415408	1
CAD_Aragam2021-rs11466359	rs11466359	rs12984160	41815713	endothelial_cell_of_umbilical_vein-Roadmap	CCDC97	0.199833	1
CAD_Aragam2021-rs11466359	rs11466359	rs1865053	41814412	endothelial_cell_of_umbilical_vein-Roadmap	CCDC97	0.199833	1
CAD_Aragam2021-rs11466359	rs11466359	rs11880564	41831196	endothelial_cell_of_umbilical_vein_VEGF_stim_4_hours-Zhang2013	TGFB1	0.126986	2
CAD_Aragam2021-rs11466359	rs11466359	rs12985162	41831507	endothelial_cell_of_umbilical_vein_VEGF_stim_4_hours-Zhang2013	TGFB1	0.126986	2
CAD_Aragam2021-rs11466359	rs11466359	rs2241718	41829606	endothelial_cell_of_umbilical_vein_VEGF_stim_4_hours-Zhang2013	TGFB1	0.126986	2
CAD_Aragam2021-rs11466359	rs11466359	rs2241719	41829581	endothelial_cell_of_umbilical_vein_VEGF_stim_4_hours-Zhang2013	TGFB1	0.126986	2
CAD_Aragam2021-rs11466359	rs11466359	rs2241720	41829309	endothelial_cell_of_umbilical_vein_VEGF_stim_4_hours-Zhang2013	TGFB1	0.126986	2
CAD_Aragam2021-rs11466359	rs11466359	rs6957	41830606	endothelial_cell_of_umbilical_vein_VEGF_stim_4_hours-Zhang2013	TGFB1	0.126986	2
CAD_Aragam2021-rs116843064	rs116843064	rs116843064	8429323	TeloHAEC_IL1b	ANGPTL4	0.134122	1
CAD_Aragam2021-rs1177562	rs1177562	rs11217133	118928249	endothelial_cell_of_umbilical_vein-Roadmap	HYOU1	0.153474	2
CAD_Aragam2021-rs1177562	rs1177562	rs2509121	118928253	endothelial_cell_of_umbilical_vein-Roadmap	HYOU1	0.153474	2
CAD_Aragam2021-rs1177562	rs1177562	rs1784459	118938388	endothelial_cell_of_umbilical_vein-Roadmap	VPS11	0.215978	1
CAD_Aragam2021-rs1177562	rs1177562	rs1784460	118938371	endothelial_cell_of_umbilical_vein-Roadmap	VPS11	0.215978	1
CAD_Aragam2021-rs1177562	rs1177562	rs1786141	118938315	endothelial_cell_of_umbilical_vein-Roadmap	VPS11	0.215978	1
CAD_Aragam2021-rs1177562	rs1177562	rs1786684	118938435	endothelial_cell_of_umbilical_vein-Roadmap	VPS11	0.215978	1
CAD_Aragam2021-rs12484557	rs12484557	rs12484557	24555861	endothelial_cell_of_umbilical_vein_VEGF_stim_4_hours-Zhang2013	CABIN1	0.079761	1
CAD_Aragam2021-rs12484557	rs12484557	rs34247969	24555965	endothelial_cell_of_umbilical_vein_VEGF_stim_4_hours-Zhang2013	CABIN1	0.079761	1
CAD_Aragam2021-rs12484557	rs12484557	rs8138799	24556902	endothelial_cell_of_umbilical_vein_VEGF_stim_4_hours-Zhang2013	CABIN1	0.079761	1
CAD_Aragam2021-rs12484557	rs12484557	rs8140812	24553535	endothelial_cell_of_umbilical_vein_VEGF_stim_4_hours-Zhang2013	CABIN1	0.079761	1
CAD_Aragam2021-rs12484557	rs12484557	rs12484557	24555861	endothelial_cell_of_umbilical_vein_VEGF_stim_4_hours-Zhang2013	SPECC1L	0.070764	2
CAD_Aragam2021-rs12484557	rs12484557	rs34247969	24555965	endothelial_cell_of_umbilical_vein_VEGF_stim_4_hours-Zhang2013	SPECC1L	0.070764	2
CAD_Aragam2021-rs12484557	rs12484557	rs8138799	24556902	endothelial_cell_of_umbilical_vein_VEGF_stim_4_hours-Zhang2013	SPECC1L	0.070764	2
CAD_Aragam2021-rs12484557	rs12484557	rs8140812	24553535	endothelial_cell_of_umbilical_vein_VEGF_stim_4_hours-Zhang2013	SPECC1L	0.070764	2
CAD_Aragam2021-rs12484557	rs12484557	rs12484557	24555861	endothelial_cell_of_umbilical_vein_VEGF_stim_4_hours-Zhang2013	SPECC1L-ADORA2A	0.070764	2
CAD_Aragam2021-rs12484557	rs12484557	rs34247969	24555965	endothelial_cell_of_umbilical_vein_VEGF_stim_4_hours-Zhang2013	SPECC1L-ADORA2A	0.070764	2
CAD_Aragam2021-rs12484557	rs12484557	rs8138799	24556902	endothelial_cell_of_umbilical_vein_VEGF_stim_4_hours-Zhang2013	SPECC1L-ADORA2A	0.070764	2
CAD_Aragam2021-rs12484557	rs12484557	rs8140812	24553535	endothelial_cell_of_umbilical_vein_VEGF_stim_4_hours-Zhang2013	SPECC1L-ADORA2A	0.070764	2
CAD_Aragam2021-rs1250247	rs1250247	rs1250259	216300482	TeloHAEC_IL1b	FN1	0.314383	1
CAD_Aragam2021-rs12936927	rs12936927	rs8078756	17744725	endothelial_cell_of_umbilical_vein_VEGF_stim_12_hours-Zhang2013	DRC3	0.026033	2
CAD_Aragam2021-rs12936927	rs12936927	rs9891957	17744439	endothelial_cell_of_umbilical_vein_VEGF_stim_12_hours-Zhang2013	DRC3	0.026033	2
CAD_Aragam2021-rs12936927	rs12936927	rs9906673	17746197	endothelial_cell_of_umbilical_vein_VEGF_stim_12_hours-Zhang2013	DRC3	0.026033	2
CAD_Aragam2021-rs12936927	rs12936927	rs12946746	17741669	endothelial_cell_of_umbilical_vein_VEGF_stim_4_hours-Zhang2013	SREBF1	0.372052	1
CAD_Aragam2021-rs12936927	rs12936927	rs4925119	17742904	endothelial_cell_of_umbilical_vein_VEGF_stim_4_hours-Zhang2013	SREBF1	0.372052	1
CAD_Aragam2021-rs12936927	rs12936927	rs7359509	17741875	endothelial_cell_of_umbilical_vein_VEGF_stim_4_hours-Zhang2013	SREBF1	0.372052	1
CAD_Aragam2021-rs12936927	rs12936927	rs8078756	17744725	endothelial_cell_of_umbilical_vein_VEGF_stim_4_hours-Zhang2013	SREBF1	0.372052	1
CAD_Aragam2021-rs12936927	rs12936927	rs9891957	17744439	endothelial_cell_of_umbilical_vein_VEGF_stim_4_hours-Zhang2013	SREBF1	0.372052	1
CAD_Aragam2021-rs12936927	rs12936927	rs8078756	17744725	endothelial_cell_of_umbilical_vein_VEGF_stim_12_hours-Zhang2013	TOM1L2	0.026033	2
CAD_Aragam2021-rs12936927	rs12936927	rs9891957	17744439	endothelial_cell_of_umbilical_vein_VEGF_stim_12_hours-Zhang2013	TOM1L2	0.026033	2
CAD_Aragam2021-rs12936927	rs12936927	rs9906673	17746197	endothelial_cell_of_umbilical_vein_VEGF_stim_12_hours-Zhang2013	TOM1L2	0.026033	2
CAD_Aragam2021-rs12952244	rs12952244	rs12952244	40270081	endothelial_cell_of_umbilical_vein_VEGF_stim_12_hours-Zhang2013	HSPB9	0.033218	2
CAD_Aragam2021-rs12952244	rs12952244	rs12952244	40270081	endothelial_cell_of_umbilical_vein_VEGF_stim_12_hours-Zhang2013	KAT2A	0.033221	1
CAD_Aragam2021-rs13124853	rs13124853	rs12646870	146764120	TeloHAEC_TNF	C4orf51	0.060312	1
CAD_Aragam2021-rs13124853	rs13124853	rs988163	146764883	TeloHAEC_TNF	C4orf51	0.060312	1
CAD_Aragam2021-rs13124853	rs13124853	rs12646870	146764120	TeloHAEC_TNF	ZNF827	0.050156	2
CAD_Aragam2021-rs13124853	rs13124853	rs988163	146764883	TeloHAEC_TNF	ZNF827	0.050156	2
CAD_Aragam2021-rs148812085	rs148812085	rs149163995	203777226	Eahy926_IL1b	CARF	0.285659	2
CAD_Aragam2021-rs148812085	rs148812085	rs149163995	203777226	Eahy926_IL1b	WDR12	0.28566	1
CAD_Aragam2021-rs1510758	rs1510758	rs6997760	25045912	eahy926	DOCK5	0.035705	1
CAD_Aragam2021-rs17086617	rs17086617	rs9513097	28976389	TeloHAEC_Ctrl	FLT1	0.021652	1
CAD_Aragam2021-rs17086617	rs17086617	rs9513097	28976389	TeloHAEC_Ctrl	POMP	0.015864	2
CAD_Aragam2021-rs17608766	rs17608766	rs17608766	45013271	TeloHAEC_Ctrl	GOSR2	0.026869	1
CAD_Aragam2021-rs1800469	rs1800469	rs2241712	41869756	endothelial_cell_of_umbilical_vein-Roadmap	B9D2	0.255428	2
CAD_Aragam2021-rs1800469	rs1800469	rs12462166	41857404	endothelial_cell_of_umbilical_vein_VEGF_stim_4_hours-Zhang2013	TGFB1	0.32455	1
CAD_Aragam2021-rs1800469	rs1800469	rs12983775	41857439	endothelial_cell_of_umbilical_vein_VEGF_stim_4_hours-Zhang2013	TGFB1	0.32455	1
CAD_Aragam2021-rs1800469	rs1800469	rs1800469	41860296	endothelial_cell_of_umbilical_vein_VEGF_stim_4_hours-Zhang2013	TGFB1	0.32455	1
CAD_Aragam2021-rs1800469	rs1800469	rs2241715	41856886	endothelial_cell_of_umbilical_vein_VEGF_stim_4_hours-Zhang2013	TGFB1	0.32455	1
CAD_Aragam2021-rs1800469	rs1800469	rs2317130	41861674	endothelial_cell_of_umbilical_vein_VEGF_stim_4_hours-Zhang2013	TGFB1	0.32455	1
CAD_Aragam2021-rs1967604	rs1967604	rs6477599	110517299	Eahy926_VEGF	KLF4	0.019569	1
CAD_Aragam2021-rs1967604	rs1967604	rs944172	110517794	Eahy926_VEGF	KLF4	0.019569	1
CAD_Aragam2021-rs2008614	rs2008614	rs2004772	47443424	Eahy926_VEGF	PREX1	0.188126	1
CAD_Aragam2021-rs2067831	rs2067831	rs4918069	105654391	endothelial_cell_of_umbilical_vein-Roadmap	SLK	0.01773	2
CAD_Aragam2021-rs2067831	rs2067831	rs4918069	105654391	endothelial_cell_of_umbilical_vein-Roadmap	STN1	0.020103	1
CAD_Aragam2021-rs2161967	rs2161967	rs2161967	218680529	endothelial_cell_of_umbilical_vein_VEGF_stim_12_hours-Zhang2013	DIRC3	0.042324	2
CAD_Aragam2021-rs2161967	rs2161967	rs2161967	218680529	endothelial_cell_of_umbilical_vein_VEGF_stim_12_hours-Zhang2013	RUFY4	0.046833	1
CAD_Aragam2021-rs2215614	rs2215614	rs12538515	35297958	endothelial_cell_of_umbilical_vein_VEGF_stim_12_hours-Zhang2013	TBX20	0.17721	1
CAD_Aragam2021-rs2215614	rs2215614	rs12538541	35297932	endothelial_cell_of_umbilical_vein_VEGF_stim_12_hours-Zhang2013	TBX20	0.17721	1
CAD_Aragam2021-rs2306363	rs2306363	rs2306363	65405600	endothelial_cell_of_umbilical_vein_VEGF_stim_4_hours-Zhang2013	SIPA1	0.176013	1
CAD_Aragam2021-rs2410859	rs2410859	rs2410859	73841285	endothelial_cell_of_umbilical_vein_VEGF_stim_12_hours-Zhang2013	UNC13D	0.14627	1
CAD_Aragam2021-rs2410859	rs2410859	rs9900122	73841702	endothelial_cell_of_umbilical_vein_VEGF_stim_12_hours-Zhang2013	UNC13D	0.14627	1
CAD_Aragam2021-rs2843152	rs2843152	rs12081179	2251119	endothelial_cell_of_umbilical_vein_VEGF_stim_4_hours-Zhang2013	FAAP20	0.027739	2
CAD_Aragam2021-rs2843152	rs2843152	rs2843152	2245570	endothelial_cell_of_umbilical_vein_VEGF_stim_4_hours-Zhang2013	FAAP20	0.027739	2
CAD_Aragam2021-rs2843152	rs2843152	rs12081179	2251119	endothelial_cell_of_umbilical_vein_VEGF_stim_4_hours-Zhang2013	SKI	0.039908	1
CAD_Aragam2021-rs2843152	rs2843152	rs2843152	2245570	endothelial_cell_of_umbilical_vein_VEGF_stim_4_hours-Zhang2013	SKI	0.039908	1
CAD_Aragam2021-rs299946	rs299946	rs299946	86699186	Eahy926_Ctrl	FOXC2	0.049028	2
CAD_Aragam2021-rs299946	rs299946	rs299946	86699186	TeloHAEC_VEGF	FOXL1	0.055547	1
CAD_Aragam2021-rs34330586	rs34330586	rs61791757	135905325	eahy926	MSL2	0.02038	1
CAD_Aragam2021-rs34759087	rs34759087	rs78807522	49056150	endothelial_cell_of_umbilical_vein_VEGF_stim_4_hours-Zhang2013	DALRD3	0.295861	2
CAD_Aragam2021-rs34759087	rs34759087	rs73082363	49130378	endothelial_cell_of_umbilical_vein-Roadmap	QRICH1	0.326601	1
CAD_Aragam2021-rs3918226	rs3918226	rs3918226	150690176	Eahy926_VEGF	ATG9B	0.105093	2
CAD_Aragam2021-rs3918226	rs3918226	rs3918226	150690176	Eahy926_VEGF	NOS3	0.44992	1
CAD_Aragam2021-rs4537761	rs4537761	rs4627080	9336349	endothelial_cell_of_umbilical_vein_VEGF_stim_4_hours-Zhang2013	IPO7	0.144418	2
CAD_Aragam2021-rs4537761	rs4537761	rs4627080	9336349	endothelial_cell_of_umbilical_vein_VEGF_stim_4_hours-Zhang2013	TMEM41B	0.509941	1
CAD_Aragam2021-rs55997232	rs55997232	rs57217136	11201124	TeloHAEC_IL1b	LDLR	0.308094	1
CAD_Aragam2021-rs55997232	rs55997232	rs6511720	11202306	endothelial_cell_of_umbilical_vein-Roadmap	TIMM29	0.039063	2
CAD_Aragam2021-rs55997232	rs55997232	rs6511720	11202306	endothelial_cell_of_umbilical_vein-Roadmap	YIPF2	0.039063	2
CAD_Aragam2021-rs56062135	rs56062135	rs17293632	67442596	endothelial_cell_of_umbilical_vein-Roadmap	AAGAB	0.033419	2
CAD_Aragam2021-rs56062135	rs56062135	rs17293632	67442596	endothelial_cell_of_umbilical_vein-Roadmap	IQCH	0.033419	2
CAD_Aragam2021-rs56062135	rs56062135	rs17293632	67442596	endothelial_cell_of_umbilical_vein-Roadmap	SMAD3	0.037044	1
CAD_Aragam2021-rs5760309	rs5760309	rs62233992	24798637	Eahy926_TNF	ADORA2A	0.018924	2
CAD_Aragam2021-rs5760309	rs5760309	rs80317779	24670815	TeloHAEC_Ctrl	SPECC1L	0.02643	1
CAD_Aragam2021-rs5760309	rs5760309	rs80317779	24670815	TeloHAEC_Ctrl	SPECC1L-ADORA2A	0.02643	1
CAD_Aragam2021-rs582384	rs582384	rs582384	45896437	TeloHAEC_Ctrl	PRKCE	0.031396	1
CAD_Aragam2021-rs582384	rs582384	rs582384	45896437	TeloHAEC_Ctrl	SRBD1	0.0155	2
CAD_Aragam2021-rs584961	rs584961	rs606452	75276178	endothelial_cell_of_umbilical_vein_VEGF_stim_12_hours-Zhang2013	MAP6	0.021449	2
CAD_Aragam2021-rs584961	rs584961	rs606452	75276178	TeloHAEC_IL1b	SERPINH1	0.081709	1
CAD_Aragam2021-rs6088595	rs6088595	rs6088620	33412022	Eahy926_VEGF	NCOA6	0.130464	1
CAD_Aragam2021-rs61776719	rs61776719	rs34655914	38397341	Eahy926_TNF	INPP5B	0.020939	2
CAD_Aragam2021-rs61776719	rs61776719	rs4360494	38455891	endothelial_cell_of_umbilical_vein-Roadmap	SF3A3	0.15904	1
CAD_Aragam2021-rs71313931	rs71313931	rs2238784	19972559	endothelial_cell_of_umbilical_vein_VEGF_stim_4_hours-Zhang2013	ARVCF	0.095333	1
CAD_Aragam2021-rs71313931	rs71313931	rs2238786	19975444	endothelial_cell_of_umbilical_vein_VEGF_stim_4_hours-Zhang2013	ARVCF	0.095333	1
CAD_Aragam2021-rs71313931	rs71313931	rs2238787	19976406	endothelial_cell_of_umbilical_vein_VEGF_stim_4_hours-Zhang2013	ARVCF	0.095333	1
CAD_Aragam2021-rs71313931	rs71313931	rs756653	19976845	endothelial_cell_of_umbilical_vein_VEGF_stim_4_hours-Zhang2013	ARVCF	0.095333	1
CAD_Aragam2021-rs71313931	rs71313931	rs758374	19971552	endothelial_cell_of_umbilical_vein_VEGF_stim_4_hours-Zhang2013	ARVCF	0.095333	1
CAD_Aragam2021-rs71313931	rs71313931	rs9606203	19972118	endothelial_cell_of_umbilical_vein_VEGF_stim_4_hours-Zhang2013	ARVCF	0.095333	1
CAD_Aragam2021-rs71313931	rs71313931	rs9606204	19976510	endothelial_cell_of_umbilical_vein_VEGF_stim_4_hours-Zhang2013	ARVCF	0.095333	1
CAD_Aragam2021-rs71313931	rs71313931	rs2238784	19972559	endothelial_cell_of_umbilical_vein_VEGF_stim_4_hours-Zhang2013	TANGO2	0.07648	2
CAD_Aragam2021-rs71313931	rs71313931	rs2238786	19975444	endothelial_cell_of_umbilical_vein_VEGF_stim_4_hours-Zhang2013	TANGO2	0.07648	2
CAD_Aragam2021-rs71313931	rs71313931	rs2238787	19976406	endothelial_cell_of_umbilical_vein_VEGF_stim_4_hours-Zhang2013	TANGO2	0.07648	2
CAD_Aragam2021-rs71313931	rs71313931	rs756653	19976845	endothelial_cell_of_umbilical_vein_VEGF_stim_4_hours-Zhang2013	TANGO2	0.07648	2
CAD_Aragam2021-rs71313931	rs71313931	rs758374	19971552	endothelial_cell_of_umbilical_vein_VEGF_stim_4_hours-Zhang2013	TANGO2	0.07648	2
CAD_Aragam2021-rs71313931	rs71313931	rs9606203	19972118	endothelial_cell_of_umbilical_vein_VEGF_stim_4_hours-Zhang2013	TANGO2	0.07648	2
CAD_Aragam2021-rs71313931	rs71313931	rs9606204	19976510	endothelial_cell_of_umbilical_vein_VEGF_stim_4_hours-Zhang2013	TANGO2	0.07648	2
CAD_Aragam2021-rs7173743	rs7173743	rs5029904	79152422	Eahy926_Ctrl	MORF4L1	0.026875	1
CAD_Aragam2021-rs7183988	rs7183988	rs11539637	91428290	TeloHAEC_TNF	FES	0.386067	1
CAD_Aragam2021-rs7183988	rs7183988	rs1894401	91429042	TeloHAEC_TNF	FES	0.386067	1
CAD_Aragam2021-rs7183988	rs7183988	rs2071382	91428197	TeloHAEC_TNF	FES	0.386067	1
CAD_Aragam2021-rs7183988	rs7183988	rs7177338	91428636	TeloHAEC_TNF	FES	0.386067	1
CAD_Aragam2021-rs7183988	rs7183988	rs7183988	91428589	TeloHAEC_TNF	FES	0.386067	1
CAD_Aragam2021-rs7183988	rs7183988	rs11539637	91428290	TeloHAEC_TNF	FURIN	0.131266	2
CAD_Aragam2021-rs7183988	rs7183988	rs1894401	91429042	TeloHAEC_TNF	FURIN	0.131266	2
CAD_Aragam2021-rs7183988	rs7183988	rs2071382	91428197	TeloHAEC_TNF	FURIN	0.131266	2
CAD_Aragam2021-rs7183988	rs7183988	rs7177338	91428636	TeloHAEC_TNF	FURIN	0.131266	2
CAD_Aragam2021-rs7183988	rs7183988	rs7183988	91428589	TeloHAEC_TNF	FURIN	0.131266	2
CAD_Aragam2021-rs7246865	rs7246865	rs7246865	17219105	Eahy926_IL1b	HAUS8	0.049608	1
CAD_Aragam2021-rs7246865	rs7246865	rs7246865	17219105	Eahy926_IL1b	MYO9B	0.049606	2
CAD_Aragam2021-rs72836800	rs72836800	rs2569881	1620037	endothelial_cell_of_umbilical_vein_VEGF_stim_12_hours-Zhang2013	FOXC1	0.142541	1
CAD_Aragam2021-rs72836800	rs72836800	rs2569881	1620037	endothelial_cell_of_umbilical_vein_VEGF_stim_12_hours-Zhang2013	GMDS	0.036162	2
CAD_Aragam2021-rs73078367	rs73078367	rs73078357	48695834	endothelial_cell_of_umbilical_vein_VEGF_stim_4_hours-Zhang2013	CELSR3	0.126148	1
CAD_Aragam2021-rs73078367	rs73078367	rs73078357	48695834	endothelial_cell_of_umbilical_vein_VEGF_stim_4_hours-Zhang2013	SLC26A6	0.08245	2
CAD_Aragam2021-rs77787671	rs77787671	rs3824754	104614350	endothelial_cell_of_umbilical_vein-Roadmap	BORCS7	0.175021	1
CAD_Aragam2021-rs77787671	rs77787671	rs12221064	104677126	Eahy926_IL1b	CNNM2	0.12711	2
CAD_Aragam2021-rs781663	rs781663	rs56155140	57824451	TeloHAEC_IL1b	POLR2B	0.034329	2
CAD_Aragam2021-rs781663	rs781663	rs7687767	57824932	TeloHAEC_IL1b	POLR2B	0.034329	2
CAD_Aragam2021-rs781663	rs781663	rs66790703	57773908	TeloHAEC_IL1b	REST	0.339418	1
CAD_Aragam2021-rs781663	rs781663	rs6852182	57775116	TeloHAEC_IL1b	REST	0.339418	1
CAD_Aragam2021-rs781663	rs781663	rs6853156	57774843	TeloHAEC_IL1b	REST	0.339418	1
CAD_Aragam2021-rs7991314	rs7991314	rs9591145	33161459	eahy926	N4BP2L2	0.016747	2
CAD_Aragam2021-rs7991314	rs7991314	rs9591145	33161459	teloHAEC	PDS5B	0.119085	1
CAD_Aragam2021-rs8046696	rs8046696	rs4888379	75340231	TeloHAEC_IL1b	BCAR1	0.108697	2
CAD_Aragam2021-rs8046696	rs8046696	rs3743609	75467021	TeloHAEC_TNF	CFDP1	0.211497	1
CAD_Aragam2021-rs8108474	rs8108474	rs2341097	46268902	endothelial_cell_of_umbilical_vein_VEGF_stim_4_hours-Zhang2013	DMPK	0.179084	2
CAD_Aragam2021-rs8108474	rs8108474	rs2341097	46268902	endothelial_cell_of_umbilical_vein_VEGF_stim_4_hours-Zhang2013	SIX5	0.391775	1
CAD_Aragam2021-rs884811	rs884811	rs10736126	100025924	endothelial_cell_of_umbilical_vein_VEGF_stim_4_hours-Zhang2013	LOXL4	0.301877	1
CAD_Aragam2021-rs9337951	rs9337951	rs9337951	30317073	endothelial_cell_of_umbilical_vein-Roadmap	KIAA1462	0.036855	1
CAD_Aragam2021-rs9337951	rs9337951	rs9337951	30317073	endothelial_cell_of_umbilical_vein-Roadmap	MTPAP	0.016082	2
CAD_Aragam2021-rs9469899	rs9469899	rs13215181	34759881	endothelial_cell_of_umbilical_vein_VEGF_stim_4_hours-Zhang2013	UHRF1BP1	0.150241	1
CAD_Aragam2021-rs9469899	rs9469899	rs6934662	34759884	endothelial_cell_of_umbilical_vein_VEGF_stim_4_hours-Zhang2013	UHRF1BP1	0.150241	1
